Condition,Repeat,Day,EggCount,FileName,
CantonS,1,D1,0,well_1_2024-02-20_192937_.jpg,
CantonS,1,D1,2,well_2_2024-02-20_192306_.jpg,
CantonS,1,D1,0,well_3_2024-02-20_192311_.jpg,
CantonS,1,D1,1,well_4_2024-02-20_192317_.jpg,
CantonS,1,D1,1,well_5_2024-02-20_192323_.jpg,
CantonS,1,D1,0,well_6_2024-02-20_192329_.jpg,
CantonS,1,D1,12,well_7_2024-02-20_192334_.jpg,
CantonS,1,D1,7,well_8_2024-02-20_192340_.jpg,
CantonS,1,D1,11,well_9_2024-02-20_192346_.jpg,
CantonS,1,D1,4,well_10_2024-02-20_192351_.jpg,
CantonS,1,D1,10,well_11_2024-02-20_192357_.jpg,
CantonS,1,D1,13,well_12_2024-02-20_192403_.jpg,
CantonS,1,D1,34,well_13_2024-02-20_192409_.jpg,
CantonS,1,D1,20,well_14_2024-02-20_192414_.jpg,
CantonS,1,D1,4,well_15_2024-02-20_192420_.jpg,
CantonS,1,D1,10,well_16_2024-02-20_192426_.jpg,
CantonS,1,D1,14,well_17_2024-02-20_192431_.jpg,
CantonS,1,D1,6,well_18_2024-02-20_192437_.jpg,
CantonS,1,D1,6,well_19_2024-02-20_192443_.jpg,
CantonS,1,D1,34,well_20_2024-02-20_192448_.jpg,
CantonS,1,D1,5,well_21_2024-02-20_192454_.jpg,
CantonS,1,D1,10,well_22_2024-02-20_192500_.jpg,
CantonS,1,D1,15,well_23_2024-02-20_192506_.jpg,
CantonS,1,D1,25,well_24_2024-02-20_192512_.jpg,
CantonS,1,D1,13,well_25_2024-02-20_192518_.jpg,
CantonS,1,D1,4,well_26_2024-02-20_192523_.jpg,
CantonS,1,D1,25,well_27_2024-02-20_192529_.jpg,
CantonS,1,D1,9,well_28_2024-02-20_192535_.jpg,
CantonS,1,D1,11,well_29_2024-02-20_192541_.jpg,
CantonS,1,D1,3,well_30_2024-02-20_192547_.jpg,
CantonS,1,D1,11,well_31_2024-02-20_192552_.jpg,
CantonS,1,D1,19,well_32_2024-02-20_192558_.jpg,
CantonS,1,D1,2,well_33_2024-02-20_192604_.jpg,
CantonS,1,D1,48,well_34_2024-02-20_192610_.jpg,
CantonS,1,D1,20,well_35_2024-02-20_192616_.jpg,
CantonS,1,D1,9,well_36_2024-02-20_192622_.jpg,
CantonS,1,D1,20,well_37_2024-02-20_192628_.jpg,
CantonS,1,D1,20,well_38_2024-02-20_192633_.jpg,
CantonS,1,D1,36,well_39_2024-02-20_192639_.jpg,
CantonS,1,D1,3,well_40_2024-02-20_192645_.jpg,
CantonS,1,D1,44,well_41_2024-02-20_192651_.jpg,
CantonS,1,D1,1,well_42_2024-02-20_192657_.jpg,
CantonS,1,D1,28,well_43_2024-02-20_192702_.jpg,
CantonS,1,D1,15,well_44_2024-02-20_192708_.jpg,
CantonS,1,D1,33,well_45_2024-02-20_192714_.jpg,
CantonS,1,D1,1,well_46_2024-02-20_192720_.jpg,
CantonS,1,D1,18,well_47_2024-02-20_192726_.jpg,
CantonS,1,D1,36,well_48_2024-02-20_192731_.jpg,
CantonS,1,D3,1,well_2_2024-02-20_235149_.jpg,
CantonS,1,D3,2,well_3_2024-02-20_235155_.jpg,
CantonS,1,D3,6,well_4_2024-02-20_235200_.jpg,
CantonS,1,D3,7,well_5_2024-02-20_235206_.jpg,
CantonS,1,D3,24,well_6_2024-02-20_235212_.jpg,
CantonS,1,D3,30,well_7_2024-02-20_235218_.jpg,
CantonS,1,D3,10,well_8_2024-02-20_235224_.jpg,
CantonS,1,D3,2,well_9_2024-02-20_235229_.jpg,
CantonS,1,D3,25,well_10_2024-02-20_235235_.jpg,
CantonS,1,D3,9,well_11_2024-02-20_235241_.jpg,
CantonS,1,D3,31,well_12_2024-02-20_235247_.jpg,
CantonS,1,D3,37,well_13_2024-02-20_235252_.jpg,
CantonS,1,D3,30,well_14_2024-02-20_235258_.jpg,
CantonS,1,D3,10,well_15_2024-02-20_235304_.jpg,
CantonS,1,D3,16,well_16_2024-02-20_235310_.jpg,
CantonS,1,D3,12,well_17_2024-02-20_235316_.jpg,
CantonS,1,D3,20,well_18_2024-02-20_235321_.jpg,
CantonS,1,D3,3,well_19_2024-02-20_235327_.jpg,
CantonS,1,D3,38,well_20_2024-02-20_235333_.jpg,
CantonS,1,D3,14,well_21_2024-02-20_235338_.jpg,
CantonS,1,D3,12,well_22_2024-02-20_235344_.jpg,
CantonS,1,D3,19,well_23_2024-02-20_235350_.jpg,
CantonS,1,D3,12,well_24_2024-02-20_235356_.jpg,
CantonS,1,D3,26,well_25_2024-02-20_235401_.jpg,
CantonS,1,D3,16,well_26_2024-02-20_235407_.jpg,
CantonS,1,D3,37,well_27_2024-02-20_235413_.jpg,
CantonS,1,D3,12,well_28_2024-02-20_235419_.jpg,
CantonS,1,D3,20,well_29_2024-02-20_235425_.jpg,
CantonS,1,D3,27,well_30_2024-02-20_235430_.jpg,
CantonS,1,D3,15,well_31_2024-02-20_235436_.jpg,
CantonS,1,D3,16,well_32_2024-02-20_235442_.jpg,
CantonS,1,D3,5,well_33_2024-02-20_235447_.jpg,
CantonS,1,D3,45,well_34_2024-02-20_235453_.jpg,
CantonS,1,D3,45,well_35_2024-02-20_235459_.jpg,
CantonS,1,D3,12,well_36_2024-02-20_235505_.jpg,
CantonS,1,D3,43,well_37_2024-02-20_235510_.jpg,
CantonS,1,D3,3,well_38_2024-02-20_235516_.jpg,
CantonS,1,D3,30,well_39_2024-02-20_235522_.jpg,
CantonS,1,D3,8,well_40_2024-02-20_235528_.jpg,
CantonS,1,D3,1,well_41_2024-02-20_235533_.jpg,
CantonS,1,D3,15,well_42_2024-02-20_235539_.jpg,
CantonS,1,D3,27,well_43_2024-02-20_235545_.jpg,
CantonS,1,D3,43,well_44_2024-02-20_235551_.jpg,
CantonS,1,D3,37,well_45_2024-02-20_235557_.jpg,
CantonS,1,D3,23,well_46_2024-02-20_235602_.jpg,
CantonS,1,D3,29,well_47_2024-02-20_235608_.jpg,
CantonS,1,D3,38,well_48_2024-02-20_235614_.jpg,
CantonS,1,D7,8,well_1_2024-02-21_000510_.jpg,
CantonS,1,D7,17,well_2_2024-02-20_235951_.jpg,
CantonS,1,D7,9,well_3_2024-02-20_235957_.jpg,
CantonS,1,D7,15,well_4_2024-02-21_000003_.jpg,
CantonS,1,D7,13,well_5_2024-02-21_000008_.jpg,
CantonS,1,D7,6,well_6_2024-02-21_000014_.jpg,
CantonS,1,D7,55,well_7_2024-02-21_000020_.jpg,
CantonS,1,D7,10,well_8_2024-02-21_000026_.jpg,
CantonS,1,D7,45,well_9_2024-02-21_000031_.jpg,
CantonS,1,D7,42,well_10_2024-02-21_000037_.jpg,
CantonS,1,D7,53,well_11_2024-02-21_000043_.jpg,
CantonS,1,D7,26,well_12_2024-02-21_000049_.jpg,
CantonS,1,D7,6,well_13_2024-02-21_000054_.jpg,
CantonS,1,D7,26,well_14_2024-02-21_000100_.jpg,
CantonS,1,D7,9,well_15_2024-02-21_000106_.jpg,
CantonS,1,D7,30,well_16_2024-02-21_000112_.jpg,
CantonS,1,D7,34,well_17_2024-02-21_000117_.jpg,
CantonS,1,D7,18,well_18_2024-02-21_000123_.jpg,
CantonS,1,D7,10,well_19_2024-02-21_000129_.jpg,
CantonS,1,D7,15,well_20_2024-02-21_000135_.jpg,
CantonS,1,D7,25,well_21_2024-02-21_000140_.jpg,
CantonS,1,D7,18,well_22_2024-02-21_000146_.jpg,
CantonS,1,D7,0,well_23_2024-02-21_000152_.jpg,
CantonS,1,D7,0,well_24_2024-02-21_000158_.jpg,
CantonS,1,D7,0,well_25_2024-02-21_000203_.jpg,
CantonS,1,D7,0,well_26_2024-02-21_000209_.jpg,
CantonS,1,D7,0,well_27_2024-02-21_000215_.jpg,
CantonS,1,D7,0,well_28_2024-02-21_000220_.jpg,
CantonS,1,D7,0,well_29_2024-02-21_000226_.jpg,
CantonS,1,D7,0,well_30_2024-02-21_000232_.jpg,
CantonS,1,D7,0,well_31_2024-02-21_000238_.jpg,
CantonS,1,D7,0,well_32_2024-02-21_000244_.jpg,
CantonS,1,D7,0,well_33_2024-02-21_000249_.jpg,
CantonS,1,D7,0,well_34_2024-02-21_000255_.jpg,
CantonS,1,D7,0,well_35_2024-02-21_000301_.jpg,
CantonS,1,D7,0,well_36_2024-02-21_000307_.jpg,
CantonS,1,D7,0,well_37_2024-02-21_000313_.jpg,
CantonS,1,D7,0,well_38_2024-02-21_000318_.jpg,
CantonS,1,D7,0,well_39_2024-02-21_000324_.jpg,
CantonS,1,D7,0,well_40_2024-02-21_000330_.jpg,
CantonS,1,D7,2,well_41_2024-02-21_000336_.jpg,
CantonS,1,D7,0,well_42_2024-02-21_000341_.jpg,
CantonS,1,D7,0,well_43_2024-02-21_000347_.jpg,
CantonS,1,D7,0,well_44_2024-02-21_000353_.jpg,
CantonS,1,D7,0,well_45_2024-02-21_000359_.jpg,
CantonS,1,D7,0,well_46_2024-02-21_000404_.jpg,
CantonS,1,D7,0,well_47_2024-02-21_000410_.jpg,
CantonS,1,D7,0,well_48_2024-02-21_000416_.jpg,
w1118,1,D1,6,well_1_2024-02-20_191354_.jpg,
w1118,1,D1,8,well_2_2024-02-20_190723_.jpg,
w1118,1,D1,21,well_3_2024-02-20_190729_.jpg,
w1118,1,D1,21,well_4_2024-02-20_190734_.jpg,
w1118,1,D1,17,well_5_2024-02-20_190740_.jpg,
w1118,1,D1,9,well_6_2024-02-20_190746_.jpg,
w1118,1,D1,6,well_7_2024-02-20_190752_.jpg,
w1118,1,D1,23,well_8_2024-02-20_190757_.jpg,
w1118,1,D1,5,well_9_2024-02-20_190803_.jpg,
w1118,1,D1,10,well_10_2024-02-20_190809_.jpg,
w1118,1,D1,8,well_12_2024-02-20_190820_.jpg,
w1118,1,D1,9,well_13_2024-02-20_190826_.jpg,
w1118,1,D1,12,well_14_2024-02-20_190832_.jpg,
w1118,1,D1,26,well_16_2024-02-20_190843_.jpg,
w1118,1,D1,8,well_17_2024-02-20_190849_.jpg,
w1118,1,D1,24,well_18_2024-02-20_190855_.jpg,
w1118,1,D1,29,well_20_2024-02-20_190906_.jpg,
w1118,1,D1,10,well_21_2024-02-20_190912_.jpg,
w1118,1,D1,26,well_22_2024-02-20_190918_.jpg,
w1118,1,D1,13,well_23_2024-02-20_190924_.jpg,
w1118,1,D1,54,well_24_2024-02-20_190929_.jpg,
w1118,1,D1,2,well_25_2024-02-20_190935_.jpg,
w1118,1,D1,26,well_27_2024-02-20_190947_.jpg,
w1118,1,D1,21,well_28_2024-02-20_190953_.jpg,
w1118,1,D1,20,well_29_2024-02-20_190958_.jpg,
w1118,1,D1,38,well_30_2024-02-20_191004_.jpg,
w1118,1,D1,22,well_31_2024-02-20_191010_.jpg,
w1118,1,D1,2,well_32_2024-02-20_191016_.jpg,
w1118,1,D1,13,well_33_2024-02-20_191022_.jpg,
w1118,1,D1,31,well_34_2024-02-20_191027_.jpg,
w1118,1,D1,15,well_35_2024-02-20_191033_.jpg,
w1118,1,D1,25,well_36_2024-02-20_191039_.jpg,
w1118,1,D1,35,well_37_2024-02-20_191045_.jpg,
w1118,1,D1,2,well_39_2024-02-20_191056_.jpg,
w1118,1,D1,2,well_40_2024-02-20_191102_.jpg,
w1118,1,D1,9,well_41_2024-02-20_191108_.jpg,
w1118,1,D1,25,well_42_2024-02-20_191114_.jpg,
w1118,1,D1,14,well_43_2024-02-20_191119_.jpg,
w1118,1,D1,41,well_45_2024-02-20_191131_.jpg,
w1118,1,D1,15,well_46_2024-02-20_191137_.jpg,
w1118,1,D1,9,well_47_2024-02-20_191143_.jpg,
w1118,1,D3,32,well_2_2024-02-21_000730_.jpg,
w1118,1,D3,46,well_3_2024-02-21_000736_.jpg,
w1118,1,D3,34,well_4_2024-02-21_000742_.jpg,
w1118,1,D3,45,well_5_2024-02-21_000747_.jpg,
w1118,1,D3,32,well_6_2024-02-21_000753_.jpg,
w1118,1,D3,13,well_7_2024-02-21_000759_.jpg,
w1118,1,D3,30,well_8_2024-02-21_000805_.jpg,
w1118,1,D3,10,well_9_2024-02-21_000811_.jpg,
w1118,1,D3,22,well_10_2024-02-21_000816_.jpg,
w1118,1,D3,26,well_12_2024-02-21_000828_.jpg,
w1118,1,D3,20,well_13_2024-02-21_000834_.jpg,
w1118,1,D3,34,well_14_2024-02-21_000840_.jpg,
w1118,1,D3,68,well_16_2024-02-21_000851_.jpg,
w1118,1,D3,13,well_17_2024-02-21_000857_.jpg,
w1118,1,D3,27,well_18_2024-02-21_000903_.jpg,
w1118,1,D3,31,well_20_2024-02-21_000914_.jpg,
w1118,1,D3,9,well_21_2024-02-21_000920_.jpg,
w1118,1,D3,24,well_22_2024-02-21_000926_.jpg,
w1118,1,D3,14,well_23_2024-02-21_000931_.jpg,
w1118,1,D3,56,well_24_2024-02-21_000937_.jpg,
w1118,1,D3,19,well_25_2024-02-21_000943_.jpg,
w1118,1,D3,26,well_27_2024-02-21_000955_.jpg,
w1118,1,D3,43,well_28_2024-02-21_001001_.jpg,
w1118,1,D3,35,well_29_2024-02-21_001007_.jpg,
w1118,1,D3,39,well_30_2024-02-21_001012_.jpg,
w1118,1,D3,15,well_31_2024-02-21_001018_.jpg,
w1118,1,D3,20,well_32_2024-02-21_001024_.jpg,
w1118,1,D3,28,well_33_2024-02-21_001030_.jpg,
w1118,1,D3,36,well_34_2024-02-21_001035_.jpg,
w1118,1,D3,23,well_35_2024-02-21_001041_.jpg,
w1118,1,D3,29,well_36_2024-02-21_001047_.jpg,
w1118,1,D3,21,well_37_2024-02-21_001053_.jpg,
w1118,1,D3,38,well_39_2024-02-21_001104_.jpg,
w1118,1,D3,12,well_40_2024-02-21_001110_.jpg,
w1118,1,D3,43,well_41_2024-02-21_001116_.jpg,
w1118,1,D3,34,well_42_2024-02-21_001122_.jpg,
w1118,1,D3,39,well_43_2024-02-21_001127_.jpg,
w1118,1,D3,38,well_45_2024-02-21_001139_.jpg,
w1118,1,D3,30,well_46_2024-02-21_001145_.jpg,
w1118,1,D3,3,well_47_2024-02-21_001151_.jpg,
w1118,1,D7,23,well_2_2024-02-20_232816_.jpg,
w1118,1,D7,21,well_3_2024-02-20_232822_.jpg,
w1118,1,D7,42,well_4_2024-02-20_232827_.jpg,
w1118,1,D7,35,well_5_2024-02-20_232833_.jpg,
w1118,1,D7,37,well_6_2024-02-20_232838_.jpg,
w1118,1,D7,17,well_7_2024-02-20_232844_.jpg,
w1118,1,D7,10,well_8_2024-02-20_232850_.jpg,
w1118,1,D7,20,well_9_2024-02-20_232855_.jpg,
w1118,1,D7,28,well_10_2024-02-20_232901_.jpg,
w1118,1,D7,7,well_12_2024-02-20_232912_.jpg,
w1118,1,D7,5,well_13_2024-02-20_232918_.jpg,
w1118,1,D7,9,well_14_2024-02-20_232923_.jpg,
w1118,1,D7,29,well_16_2024-02-20_232935_.jpg,
w1118,1,D7,6,well_17_2024-02-20_232940_.jpg,
w1118,1,D7,24,well_18_2024-02-20_232946_.jpg,
w1118,1,D7,11,well_20_2024-02-20_232957_.jpg,
w1118,1,D7,27,well_21_2024-02-20_233003_.jpg,
w1118,1,D7,19,well_22_2024-02-20_233008_.jpg,
w1118,1,D7,9,well_23_2024-02-20_233014_.jpg,
w1118,1,D7,15,well_24_2024-02-20_233020_.jpg,
w1118,1,D7,14,well_25_2024-02-20_233025_.jpg,
w1118,1,D7,33,well_27_2024-02-20_233036_.jpg,
w1118,1,D7,13,well_28_2024-02-20_233042_.jpg,
w1118,1,D7,32,well_29_2024-02-20_233047_.jpg,
w1118,1,D7,48,well_30_2024-02-20_233053_.jpg,
w1118,1,D7,5,well_31_2024-02-20_233059_.jpg,
w1118,1,D7,13,well_32_2024-02-20_233104_.jpg,
w1118,1,D7,13,well_33_2024-02-20_233110_.jpg,
w1118,1,D7,6,well_34_2024-02-20_233116_.jpg,
w1118,1,D7,22,well_35_2024-02-20_233121_.jpg,
w1118,1,D7,13,well_36_2024-02-20_233127_.jpg,
w1118,1,D7,11,well_37_2024-02-20_233133_.jpg,
w1118,1,D7,14,well_39_2024-02-20_233144_.jpg,
w1118,1,D7,19,well_40_2024-02-20_233150_.jpg,
w1118,1,D7,10,well_41_2024-02-20_233156_.jpg,
w1118,1,D7,8,well_42_2024-02-20_233201_.jpg,
w1118,1,D7,13,well_43_2024-02-20_233207_.jpg,
w1118,1,D7,22,well_45_2024-02-20_233219_.jpg,
w1118,1,D7,7,well_46_2024-02-20_233224_.jpg,
w1118,1,D7,20,well_47_2024-02-20_233230_.jpg,
OregonR,1,D1,26,well_2_2024-02-20_193642_.jpg,
OregonR,1,D1,17,well_3_2024-02-20_193648_.jpg,
OregonR,1,D1,20,well_4_2024-02-20_193654_.jpg,
OregonR,1,D1,9,well_5_2024-02-20_193659_.jpg,
OregonR,1,D1,55,well_6_2024-02-20_193705_.jpg,
OregonR,1,D1,32,well_7_2024-02-20_193711_.jpg,
OregonR,1,D1,37,well_8_2024-02-20_193717_.jpg,
OregonR,1,D1,17,well_9_2024-02-20_193722_.jpg,
OregonR,1,D1,22,well_10_2024-02-20_193728_.jpg,
OregonR,1,D1,34,well_11_2024-02-20_193734_.jpg,
OregonR,1,D1,31,well_12_2024-02-20_193739_.jpg,
OregonR,1,D1,34,well_13_2024-02-20_193745_.jpg,
OregonR,1,D1,25,well_14_2024-02-20_193751_.jpg,
OregonR,1,D1,14,well_15_2024-02-20_193757_.jpg,
OregonR,1,D1,16,well_16_2024-02-20_193803_.jpg,
OregonR,1,D1,28,well_17_2024-02-20_193809_.jpg,
OregonR,1,D1,39,well_18_2024-02-20_193814_.jpg,
OregonR,1,D1,31,well_19_2024-02-20_193820_.jpg,
OregonR,1,D1,25,well_20_2024-02-20_193826_.jpg,
OregonR,1,D1,29,well_22_2024-02-20_193837_.jpg,
OregonR,1,D1,40,well_23_2024-02-20_193843_.jpg,
OregonR,1,D1,25,well_24_2024-02-20_193849_.jpg,
OregonR,1,D1,27,well_25_2024-02-20_193855_.jpg,
OregonR,1,D1,20,well_26_2024-02-20_193901_.jpg,
OregonR,1,D1,25,well_27_2024-02-20_193906_.jpg,
OregonR,1,D1,60,well_28_2024-02-20_193912_.jpg,
OregonR,1,D1,29,well_29_2024-02-20_193918_.jpg,
OregonR,1,D1,20,well_30_2024-02-20_193924_.jpg,
OregonR,1,D1,23,well_31_2024-02-20_193929_.jpg,
OregonR,1,D1,2,well_32_2024-02-20_193935_.jpg,
OregonR,1,D1,34,well_33_2024-02-20_193941_.jpg,
OregonR,1,D1,26,well_34_2024-02-20_193947_.jpg,
OregonR,1,D1,28,well_35_2024-02-20_193953_.jpg,
OregonR,1,D1,19,well_36_2024-02-20_193958_.jpg,
OregonR,1,D1,21,well_37_2024-02-20_194004_.jpg,
OregonR,1,D1,44,well_38_2024-02-20_194010_.jpg,
OregonR,1,D1,20,well_39_2024-02-20_194016_.jpg,
OregonR,1,D1,18,well_40_2024-02-20_194022_.jpg,
OregonR,1,D1,49,well_41_2024-02-20_194027_.jpg,
OregonR,1,D1,15,well_42_2024-02-20_194033_.jpg,
OregonR,1,D1,33,well_44_2024-02-20_194045_.jpg,
OregonR,1,D1,43,well_45_2024-02-20_194050_.jpg,
OregonR,1,D1,30,well_46_2024-02-20_194056_.jpg,
OregonR,1,D1,27,well_47_2024-02-20_194102_.jpg,
OregonR,1,D1,12,well_48_2024-02-20_194108_.jpg,
OregonR,1,D3,16,well_2_2024-02-20_233619_.jpg,
OregonR,1,D3,15,well_3_2024-02-20_233624_.jpg,
OregonR,1,D3,16,well_4_2024-02-20_233630_.jpg,
OregonR,1,D3,25,well_5_2024-02-20_233636_.jpg,
OregonR,1,D3,60,well_6_2024-02-20_233641_.jpg,
OregonR,1,D3,27,well_7_2024-02-20_233647_.jpg,
OregonR,1,D3,33,well_8_2024-02-20_233652_.jpg,
OregonR,1,D3,16,well_9_2024-02-20_233658_.jpg,
OregonR,1,D3,12,well_10_2024-02-20_233703_.jpg,
OregonR,1,D3,18,well_11_2024-02-20_233709_.jpg,
OregonR,1,D3,30,well_12_2024-02-20_233714_.jpg,
OregonR,1,D3,19,well_13_2024-02-20_233720_.jpg,
OregonR,1,D3,18,well_14_2024-02-20_233726_.jpg,
OregonR,1,D3,27,well_15_2024-02-20_233731_.jpg,
OregonR,1,D3,12,well_16_2024-02-20_233737_.jpg,
OregonR,1,D3,13,well_17_2024-02-20_233742_.jpg,
OregonR,1,D3,40,well_18_2024-02-20_233748_.jpg,
OregonR,1,D3,18,well_19_2024-02-20_233754_.jpg,
OregonR,1,D3,13,well_20_2024-02-20_233759_.jpg,
OregonR,1,D3,16,well_22_2024-02-20_234445_.jpg,
OregonR,1,D3,29,well_23_2024-02-20_233817_.jpg,
OregonR,1,D3,23,well_24_2024-02-20_234456_.jpg,
OregonR,1,D3,38,well_25_2024-02-20_233828_.jpg,
OregonR,1,D3,48,well_26_2024-02-20_233833_.jpg,
OregonR,1,D3,26,well_27_2024-02-20_233839_.jpg,
OregonR,1,D3,16,well_28_2024-02-20_233845_.jpg,
OregonR,1,D3,18,well_29_2024-02-20_233851_.jpg,
OregonR,1,D3,6,well_30_2024-02-20_233857_.jpg,
OregonR,1,D3,1,well_31_2024-02-20_233903_.jpg,
OregonR,1,D3,11,well_32_2024-02-20_234542_.jpg,
OregonR,1,D3,16,well_33_2024-02-20_233914_.jpg,
OregonR,1,D3,33,well_34_2024-02-20_234554_.jpg,
OregonR,1,D3,21,well_35_2024-02-20_233926_.jpg,
OregonR,1,D3,32,well_36_2024-02-20_234605_.jpg,
OregonR,1,D3,35,well_37_2024-02-20_233937_.jpg,
OregonR,1,D3,40,well_38_2024-02-20_234617_.jpg,
OregonR,1,D3,21,well_39_2024-02-20_233949_.jpg,
OregonR,1,D3,41,well_40_2024-02-20_234628_.jpg,
OregonR,1,D3,57,well_41_2024-02-20_234000_.jpg,
OregonR,1,D3,29,well_42_2024-02-20_234639_.jpg,
OregonR,1,D3,29,well_44_2024-02-20_234651_.jpg,
OregonR,1,D3,33,well_45_2024-02-20_234024_.jpg,
OregonR,1,D3,31,well_46_2024-02-20_234702_.jpg,
OregonR,1,D3,17,well_47_2024-02-20_234035_.jpg,
OregonR,1,D3,34,well_48_2024-02-20_234041_.jpg,
OregonR,1,D7,28,well_2_2024-02-20_232118_.jpg,
OregonR,1,D7,40,well_3_2024-02-20_232123_.jpg,
OregonR,1,D7,28,well_4_2024-02-20_232129_.jpg,
OregonR,1,D7,17,well_5_2024-02-20_232135_.jpg,
OregonR,1,D7,30,well_6_2024-02-20_232140_.jpg,
OregonR,1,D7,54,well_7_2024-02-20_232146_.jpg,
OregonR,1,D7,36,well_8_2024-02-20_232152_.jpg,
OregonR,1,D7,2,well_9_2024-02-20_232157_.jpg,
OregonR,1,D7,33,well_10_2024-02-20_232203_.jpg,
OregonR,1,D7,46,well_11_2024-02-20_232209_.jpg,
OregonR,1,D7,29,well_12_2024-02-20_232214_.jpg,
OregonR,1,D7,32,well_13_2024-02-20_232220_.jpg,
OregonR,1,D7,41,well_14_2024-02-20_232225_.jpg,
OregonR,1,D7,2,well_15_2024-02-20_232231_.jpg,
OregonR,1,D7,18,well_16_2024-02-20_232237_.jpg,
OregonR,1,D7,17,well_17_2024-02-20_232242_.jpg,
OregonR,1,D7,19,well_18_2024-02-20_232248_.jpg,
OregonR,1,D7,19,well_19_2024-02-20_232254_.jpg,
OregonR,1,D7,10,well_20_2024-02-20_232259_.jpg,
OregonR,1,D7,4,well_22_2024-02-20_232311_.jpg,
OregonR,1,D7,24,well_23_2024-02-20_232317_.jpg,
OregonR,1,D7,27,well_24_2024-02-20_232322_.jpg,
OregonR,1,D7,34,well_25_2024-02-20_232328_.jpg,
OregonR,1,D7,48,well_26_2024-02-20_232334_.jpg,
OregonR,1,D7,32,well_27_2024-02-20_232339_.jpg,
OregonR,1,D7,38,well_28_2024-02-20_232345_.jpg,
OregonR,1,D7,0,well_29_2024-02-20_232351_.jpg,
OregonR,1,D7,18,well_30_2024-02-20_232357_.jpg,
OregonR,1,D7,10,well_31_2024-02-20_232403_.jpg,
OregonR,1,D7,2,well_32_2024-02-20_232408_.jpg,
OregonR,1,D7,34,well_33_2024-02-20_232414_.jpg,
OregonR,1,D7,53,well_34_2024-02-20_232420_.jpg,
OregonR,1,D7,26,well_35_2024-02-20_232426_.jpg,
OregonR,1,D7,34,well_36_2024-02-20_232431_.jpg,
OregonR,1,D7,20,well_37_2024-02-20_232437_.jpg,
OregonR,1,D7,47,well_38_2024-02-20_232443_.jpg,
OregonR,1,D7,36,well_39_2024-02-20_232449_.jpg,
OregonR,1,D7,27,well_40_2024-02-20_232455_.jpg,
OregonR,1,D7,50,well_41_2024-02-20_232500_.jpg,
OregonR,1,D7,34,well_42_2024-02-20_232506_.jpg,
OregonR,1,D7,16,well_44_2024-02-20_232518_.jpg,
OregonR,1,D7,62,well_45_2024-02-20_232524_.jpg,
OregonR,1,D7,39,well_46_2024-02-20_232529_.jpg,
OregonR,1,D7,2,well_47_2024-02-20_232535_.jpg,
OregonR,1,D7,9,well_48_2024-02-20_232541_.jpg,
w1118,3,D1,34,well_2_2024-02-23_055250_.jpg,
w1118,3,D1,21,well_3_2024-02-23_055256_.jpg,
w1118,3,D1,13,well_4_2024-02-23_055302_.jpg,
w1118,3,D1,24,well_5_2024-02-23_055308_.jpg,
w1118,3,D1,36,well_7_2024-02-23_055319_.jpg,
w1118,3,D1,15,well_8_2024-02-23_055325_.jpg,
w1118,3,D1,28,well_11_2024-02-23_055343_.jpg,
w1118,3,D1,14,well_13_2024-02-23_055355_.jpg,
w1118,3,D1,8,well_16_2024-02-23_055412_.jpg,
w1118,3,D1,29,well_17_2024-02-23_055418_.jpg,
w1118,3,D1,16,well_18_2024-02-23_055424_.jpg,
w1118,3,D1,7,well_19_2024-02-23_055430_.jpg,
w1118,3,D1,36,well_20_2024-02-23_055436_.jpg,
w1118,3,D1,4,well_21_2024-02-23_055441_.jpg,
w1118,3,D1,20,well_22_2024-02-23_055447_.jpg,
w1118,3,D1,3,well_23_2024-02-23_055453_.jpg,
w1118,3,D1,15,well_24_2024-02-23_055459_.jpg,
w1118,3,D1,22,well_25_2024-02-23_055505_.jpg,
w1118,3,D1,1,well_26_2024-02-23_055511_.jpg,
w1118,3,D1,11,well_27_2024-02-23_055516_.jpg,
w1118,3,D1,6,well_28_2024-02-23_055522_.jpg,
w1118,3,D1,11,well_29_2024-02-23_055528_.jpg,
w1118,3,D1,11,well_30_2024-02-23_055534_.jpg,
w1118,3,D1,8,well_31_2024-02-23_055540_.jpg,
w1118,3,D1,13,well_32_2024-02-23_055546_.jpg,
w1118,3,D1,7,well_33_2024-02-23_055551_.jpg,
w1118,3,D1,6,well_34_2024-02-23_055557_.jpg,
w1118,3,D1,7,well_35_2024-02-23_055603_.jpg,
w1118,3,D1,11,well_36_2024-02-23_055609_.jpg,
w1118,3,D1,8,well_37_2024-02-23_055615_.jpg,
w1118,3,D1,4,well_38_2024-02-23_055620_.jpg,
w1118,3,D1,19,well_39_2024-02-23_055626_.jpg,
w1118,3,D1,36,well_40_2024-02-23_055632_.jpg,
w1118,3,D1,31,well_41_2024-02-23_055638_.jpg,
w1118,3,D1,25,well_42_2024-02-23_055644_.jpg,
w1118,3,D1,6,well_43_2024-02-23_055649_.jpg,
w1118,3,D1,15,well_44_2024-02-23_055655_.jpg,
w1118,3,D1,9,well_45_2024-02-23_055701_.jpg,
w1118,3,D1,16,well_46_2024-02-23_055707_.jpg,
w1118,3,D1,25,well_47_2024-02-23_055713_.jpg,
w1118,3,D1,0,well_48_2024-02-23_055718_.jpg,
w1118,3,D3,40,well_2_2024-02-23_054204_.jpg,
w1118,3,D3,32,well_3_2024-02-23_054210_.jpg,
w1118,3,D3,27,well_4_2024-02-23_054216_.jpg,
w1118,3,D3,39,well_5_2024-02-23_054221_.jpg,
w1118,3,D3,18,well_7_2024-02-23_054233_.jpg,
w1118,3,D3,3,well_8_2024-02-23_054239_.jpg,
w1118,3,D3,22,well_11_2024-02-23_054256_.jpg,
w1118,3,D3,30,well_13_2024-02-23_054307_.jpg,
w1118,3,D3,19,well_16_2024-02-23_054325_.jpg,
w1118,3,D3,22,well_17_2024-02-23_054330_.jpg,
w1118,3,D3,37,well_18_2024-02-23_054336_.jpg,
w1118,3,D3,44,well_19_2024-02-23_054342_.jpg,
w1118,3,D3,8,well_20_2024-02-23_054348_.jpg,
w1118,3,D3,24,well_21_2024-02-23_054353_.jpg,
w1118,3,D3,0,well_22_2024-02-23_054359_.jpg,
w1118,3,D3,34,well_23_2024-02-23_054405_.jpg,
w1118,3,D3,14,well_24_2024-02-23_054411_.jpg,
w1118,3,D3,10,well_25_2024-02-23_054416_.jpg,
w1118,3,D3,4,well_26_2024-02-23_054422_.jpg,
w1118,3,D3,11,well_27_2024-02-23_054428_.jpg,
w1118,3,D3,36,well_28_2024-02-23_054434_.jpg,
w1118,3,D3,0,well_29_2024-02-23_054439_.jpg,
w1118,3,D3,24,well_30_2024-02-23_054445_.jpg,
w1118,3,D3,21,well_31_2024-02-23_054451_.jpg,
w1118,3,D3,15,well_32_2024-02-23_054457_.jpg,
w1118,3,D3,30,well_33_2024-02-23_054502_.jpg,
w1118,3,D3,15,well_34_2024-02-23_054508_.jpg,
w1118,3,D3,42,well_35_2024-02-23_054514_.jpg,
w1118,3,D3,28,well_36_2024-02-23_054520_.jpg,
w1118,3,D3,19,well_37_2024-02-23_054526_.jpg,
w1118,3,D3,40,well_38_2024-02-23_054531_.jpg,
w1118,3,D3,13,well_41_2024-02-23_054549_.jpg,
w1118,3,D3,0,well_42_2024-02-23_054555_.jpg,
w1118,3,D3,16,well_43_2024-02-23_054600_.jpg,
w1118,3,D3,18,well_44_2024-02-23_054606_.jpg,
w1118,3,D3,30,well_45_2024-02-23_054612_.jpg,
w1118,3,D3,21,well_46_2024-02-23_054618_.jpg,
w1118,3,D3,29,well_47_2024-02-23_054624_.jpg,
w1118,3,D3,46,well_48_2024-02-23_054629_.jpg,
w1118,3,D7,5,well_2_2024-02-23_060746_.jpg,
w1118,3,D7,1,well_3_2024-02-23_060752_.jpg,
w1118,3,D7,1,well_4_2024-02-23_060757_.jpg,
w1118,3,D7,30,well_5_2024-02-23_060803_.jpg,
w1118,3,D7,6,well_7_2024-02-23_060815_.jpg,
w1118,3,D7,12,well_8_2024-02-23_060820_.jpg,
w1118,3,D7,2,well_11_2024-02-23_060838_.jpg,
w1118,3,D7,15,well_13_2024-02-23_060849_.jpg,
w1118,3,D7,1,well_16_2024-02-23_060907_.jpg,
w1118,3,D7,0,well_17_2024-02-23_060913_.jpg,
w1118,3,D7,1,well_18_2024-02-23_060918_.jpg,
w1118,3,D7,0,well_19_2024-02-23_060924_.jpg,
w1118,3,D7,1,well_20_2024-02-23_060930_.jpg,
w1118,3,D7,22,well_21_2024-02-23_060936_.jpg,
w1118,3,D7,0,well_22_2024-02-23_060942_.jpg,
w1118,3,D7,0,well_23_2024-02-23_060947_.jpg,
w1118,3,D7,1,well_24_2024-02-23_060953_.jpg,
w1118,3,D7,9,well_25_2024-02-23_060959_.jpg,
w1118,3,D7,17,well_26_2024-02-23_061005_.jpg,
w1118,3,D7,2,well_27_2024-02-23_061011_.jpg,
w1118,3,D7,1,well_28_2024-02-23_061016_.jpg,
w1118,3,D7,0,well_29_2024-02-23_061022_.jpg,
w1118,3,D7,0,well_30_2024-02-23_061028_.jpg,
w1118,3,D7,0,well_31_2024-02-23_061034_.jpg,
w1118,3,D7,1,well_32_2024-02-23_061039_.jpg,
w1118,3,D7,8,well_33_2024-02-23_061045_.jpg,
w1118,3,D7,3,well_34_2024-02-23_061051_.jpg,
w1118,3,D7,52,well_35_2024-02-23_061057_.jpg,
w1118,3,D7,1,well_36_2024-02-23_061103_.jpg,
w1118,3,D7,24,well_37_2024-02-23_061109_.jpg,
w1118,3,D7,1,well_38_2024-02-23_061114_.jpg,
w1118,3,D7,3,well_41_2024-02-23_061132_.jpg,
w1118,3,D7,10,well_42_2024-02-23_061137_.jpg,
w1118,3,D7,16,well_43_2024-02-23_061143_.jpg,
w1118,3,D7,13,well_44_2024-02-23_061149_.jpg,
w1118,3,D7,9,well_45_2024-02-23_061154_.jpg,
w1118,3,D7,20,well_46_2024-02-23_061200_.jpg,
w1118,3,D7,16,well_47_2024-02-23_061205_.jpg,
w1118,3,D7,4,well_48_2024-02-23_061211_.jpg,
CantonS,2,D1,18,well_2_2024-02-23_053904_.jpg,
CantonS,2,D1,5,well_3_2024-02-23_053909_.jpg,
CantonS,2,D1,21,well_4_2024-02-23_053915_.jpg,
CantonS,2,D1,7,well_5_2024-02-23_053921_.jpg,
CantonS,2,D1,2,well_6_2024-02-23_053926_.jpg,
CantonS,2,D1,19,well_7_2024-02-23_053932_.jpg,
CantonS,2,D1,6,well_8_2024-02-23_053938_.jpg,
CantonS,2,D1,19,well_9_2024-02-23_053944_.jpg,
CantonS,2,D1,23,well_10_2024-02-23_053950_.jpg,
CantonS,2,D1,12,well_11_2024-02-23_053955_.jpg,
CantonS,2,D1,21,well_12_2024-02-23_054001_.jpg,
CantonS,2,D1,37,well_13_2024-02-23_054007_.jpg,
CantonS,2,D1,15,well_14_2024-02-23_054013_.jpg,
CantonS,2,D1,15,well_15_2024-02-23_054018_.jpg,
CantonS,2,D1,16,well_16_2024-02-23_054024_.jpg,
CantonS,2,D1,25,well_17_2024-02-23_054030_.jpg,
CantonS,2,D1,31,well_18_2024-02-23_054036_.jpg,
CantonS,2,D1,25,well_19_2024-02-23_054041_.jpg,
CantonS,2,D1,14,well_20_2024-02-23_054047_.jpg,
CantonS,2,D1,49,well_21_2024-02-23_054053_.jpg,
CantonS,2,D1,13,well_22_2024-02-23_054059_.jpg,
CantonS,2,D1,29,well_23_2024-02-23_054104_.jpg,
CantonS,2,D1,23,well_24_2024-02-23_054110_.jpg,
CantonS,2,D1,10,well_25_2024-02-23_054116_.jpg,
CantonS,2,D1,26,well_26_2024-02-23_054122_.jpg,
CantonS,2,D1,18,well_27_2024-02-23_054127_.jpg,
CantonS,2,D1,3,well_28_2024-02-23_054133_.jpg,
CantonS,2,D1,13,well_29_2024-02-23_054139_.jpg,
CantonS,2,D1,11,well_30_2024-02-23_054145_.jpg,
CantonS,2,D1,23,well_31_2024-02-23_054150_.jpg,
CantonS,2,D1,38,well_32_2024-02-23_054156_.jpg,
CantonS,2,D1,21,well_33_2024-02-23_054202_.jpg,
CantonS,2,D1,21,well_34_2024-02-23_054207_.jpg,
CantonS,2,D1,31,well_35_2024-02-23_054213_.jpg,
CantonS,2,D1,20,well_36_2024-02-23_054219_.jpg,
CantonS,2,D1,18,well_37_2024-02-23_054224_.jpg,
CantonS,2,D1,12,well_38_2024-02-23_054230_.jpg,
CantonS,2,D1,12,well_39_2024-02-23_054235_.jpg,
CantonS,2,D1,7,well_40_2024-02-23_054241_.jpg,
CantonS,2,D1,10,well_41_2024-02-23_054247_.jpg,
CantonS,2,D1,25,well_42_2024-02-23_054252_.jpg,
CantonS,2,D1,26,well_43_2024-02-23_054258_.jpg,
CantonS,2,D1,22,well_44_2024-02-23_054303_.jpg,
CantonS,2,D1,18,well_45_2024-02-23_054309_.jpg,
CantonS,2,D1,10,well_46_2024-02-23_054314_.jpg,
CantonS,2,D1,22,well_47_2024-02-23_054320_.jpg,
CantonS,2,D1,30,well_48_2024-02-23_054325_.jpg,
CantonS,2,D3,32,well_2_2024-02-23_053027_.jpg,
CantonS,2,D3,37,well_3_2024-02-23_053033_.jpg,
CantonS,2,D3,33,well_4_2024-02-23_053038_.jpg,
CantonS,2,D3,28,well_5_2024-02-23_053044_.jpg,
CantonS,2,D3,3,well_6_2024-02-23_053050_.jpg,
CantonS,2,D3,41,well_7_2024-02-23_053056_.jpg,
CantonS,2,D3,39,well_8_2024-02-23_053101_.jpg,
CantonS,2,D3,37,well_9_2024-02-23_053107_.jpg,
CantonS,2,D3,47,well_10_2024-02-23_053113_.jpg,
CantonS,2,D3,66,well_11_2024-02-23_053119_.jpg,
CantonS,2,D3,23,well_12_2024-02-23_053124_.jpg,
CantonS,2,D3,49,well_13_2024-02-23_053130_.jpg,
CantonS,2,D3,52,well_14_2024-02-23_053136_.jpg,
CantonS,2,D3,44,well_15_2024-02-23_053142_.jpg,
CantonS,2,D3,37,well_16_2024-02-23_053148_.jpg,
CantonS,2,D3,32,well_17_2024-02-23_053153_.jpg,
CantonS,2,D3,39,well_18_2024-02-23_053159_.jpg,
CantonS,2,D3,40,well_19_2024-02-23_053205_.jpg,
CantonS,2,D3,47,well_20_2024-02-23_053211_.jpg,
CantonS,2,D3,52,well_21_2024-02-23_053217_.jpg,
CantonS,2,D3,32,well_22_2024-02-23_053222_.jpg,
CantonS,2,D3,42,well_23_2024-02-23_053228_.jpg,
CantonS,2,D3,37,well_24_2024-02-23_053234_.jpg,
CantonS,2,D3,35,well_25_2024-02-23_053240_.jpg,
CantonS,2,D3,37,well_26_2024-02-23_053246_.jpg,
CantonS,2,D3,49,well_27_2024-02-23_053251_.jpg,
CantonS,2,D3,11,well_28_2024-02-23_053257_.jpg,
CantonS,2,D3,22,well_29_2024-02-23_053303_.jpg,
CantonS,2,D3,25,well_30_2024-02-23_053309_.jpg,
CantonS,2,D3,39,well_31_2024-02-23_053315_.jpg,
CantonS,2,D3,47,well_32_2024-02-23_053320_.jpg,
CantonS,2,D3,18,well_33_2024-02-23_053326_.jpg,
CantonS,2,D3,22,well_34_2024-02-23_053332_.jpg,
CantonS,2,D3,27,well_35_2024-02-23_053337_.jpg,
CantonS,2,D3,31,well_36_2024-02-23_053343_.jpg,
CantonS,2,D3,24,well_37_2024-02-23_053348_.jpg,
CantonS,2,D3,28,well_38_2024-02-23_053354_.jpg,
CantonS,2,D3,8,well_39_2024-02-23_053400_.jpg,
CantonS,2,D3,20,well_40_2024-02-23_053405_.jpg,
CantonS,2,D3,8,well_41_2024-02-23_053411_.jpg,
CantonS,2,D3,9,well_42_2024-02-23_053416_.jpg,
CantonS,2,D3,23,well_43_2024-02-23_053422_.jpg,
CantonS,2,D3,17,well_44_2024-02-23_053427_.jpg,
CantonS,2,D3,22,well_45_2024-02-23_053433_.jpg,
CantonS,2,D3,27,well_46_2024-02-23_053439_.jpg,
CantonS,2,D3,10,well_47_2024-02-23_053444_.jpg,
CantonS,2,D3,23,well_48_2024-02-23_053450_.jpg,
CantonS,2,D7,3,well_2_2024-02-23_055635_.jpg,
CantonS,2,D7,2,well_3_2024-02-23_055640_.jpg,
CantonS,2,D7,10,well_4_2024-02-23_055646_.jpg,
CantonS,2,D7,1,well_5_2024-02-23_055652_.jpg,
CantonS,2,D7,5,well_6_2024-02-23_055658_.jpg,
CantonS,2,D7,10,well_7_2024-02-23_055704_.jpg,
CantonS,2,D7,17,well_8_2024-02-23_055710_.jpg,
CantonS,2,D7,13,well_9_2024-02-23_055716_.jpg,
CantonS,2,D7,46,well_10_2024-02-23_055721_.jpg,
CantonS,2,D7,2,well_11_2024-02-23_055727_.jpg,
CantonS,2,D7,3,well_12_2024-02-23_055733_.jpg,
CantonS,2,D7,17,well_13_2024-02-23_055739_.jpg,
CantonS,2,D7,5,well_14_2024-02-23_055745_.jpg,
CantonS,2,D7,3,well_15_2024-02-23_055750_.jpg,
CantonS,2,D7,6,well_16_2024-02-23_055756_.jpg,
CantonS,2,D7,6,well_17_2024-02-23_055802_.jpg,
CantonS,2,D7,16,well_18_2024-02-23_055808_.jpg,
CantonS,2,D7,26,well_19_2024-02-23_055814_.jpg,
CantonS,2,D7,14,well_20_2024-02-23_055820_.jpg,
CantonS,2,D7,0,well_21_2024-02-23_055826_.jpg,
CantonS,2,D7,0,well_22_2024-02-23_055832_.jpg,
CantonS,2,D7,14,well_23_2024-02-23_055838_.jpg,
CantonS,2,D7,11,well_24_2024-02-23_055843_.jpg,
CantonS,2,D7,11,well_25_2024-02-23_055849_.jpg,
CantonS,2,D7,4,well_26_2024-02-23_055855_.jpg,
CantonS,2,D7,1,well_27_2024-02-23_055901_.jpg,
CantonS,2,D7,2,well_28_2024-02-23_055907_.jpg,
CantonS,2,D7,11,well_29_2024-02-23_055912_.jpg,
CantonS,2,D7,5,well_30_2024-02-23_055918_.jpg,
CantonS,2,D7,14,well_31_2024-02-23_055924_.jpg,
CantonS,2,D7,14,well_32_2024-02-23_055930_.jpg,
CantonS,2,D7,17,well_33_2024-02-23_055936_.jpg,
CantonS,2,D7,23,well_34_2024-02-23_055942_.jpg,
CantonS,2,D7,24,well_35_2024-02-23_055947_.jpg,
CantonS,2,D7,30,well_36_2024-02-23_055953_.jpg,
CantonS,2,D7,35,well_37_2024-02-23_055959_.jpg,
CantonS,2,D7,34,well_38_2024-02-23_060004_.jpg,
CantonS,2,D7,14,well_39_2024-02-23_060010_.jpg,
CantonS,2,D7,12,well_40_2024-02-23_060015_.jpg,
CantonS,2,D7,4,well_41_2024-02-23_060021_.jpg,
CantonS,2,D7,10,well_42_2024-02-23_060027_.jpg,
CantonS,2,D7,13,well_43_2024-02-23_060032_.jpg,
CantonS,2,D7,9,well_44_2024-02-23_060038_.jpg,
CantonS,2,D7,14,well_45_2024-02-23_060044_.jpg,
CantonS,2,D7,10,well_46_2024-02-23_060049_.jpg,
CantonS,2,D7,25,well_47_2024-02-23_060055_.jpg,
CantonS,2,D7,18,well_48_2024-02-23_060101_.jpg,
CantonS,3,D1,55,well_2_2024-02-23_063318_.jpg,
CantonS,3,D1,45,well_3_2024-02-23_063324_.jpg,
CantonS,3,D1,70,well_4_2024-02-23_063330_.jpg,
CantonS,3,D1,68,well_5_2024-02-23_063335_.jpg,
CantonS,3,D1,43,well_6_2024-02-23_063341_.jpg,
CantonS,3,D1,55,well_7_2024-02-23_063347_.jpg,
CantonS,3,D1,33,well_8_2024-02-23_063353_.jpg,
CantonS,3,D1,52,well_9_2024-02-23_063359_.jpg,
CantonS,3,D1,30,well_10_2024-02-23_063404_.jpg,
CantonS,3,D1,91,well_11_2024-02-23_063410_.jpg,
CantonS,3,D1,44,well_12_2024-02-23_063416_.jpg,
CantonS,3,D1,85,well_13_2024-02-23_063422_.jpg,
CantonS,3,D1,25,well_14_2024-02-23_063428_.jpg,
CantonS,3,D1,39,well_15_2024-02-23_063433_.jpg,
CantonS,3,D1,50,well_16_2024-02-23_063439_.jpg,
CantonS,3,D1,77,well_17_2024-02-23_063445_.jpg,
CantonS,3,D1,78,well_18_2024-02-23_063451_.jpg,
CantonS,3,D1,77,well_19_2024-02-23_063456_.jpg,
CantonS,3,D1,36,well_20_2024-02-23_063502_.jpg,
CantonS,3,D1,37,well_21_2024-02-23_063508_.jpg,
CantonS,3,D1,68,well_22_2024-02-23_063514_.jpg,
CantonS,3,D1,59,well_23_2024-02-23_063520_.jpg,
CantonS,3,D1,25,well_24_2024-02-23_063526_.jpg,
CantonS,3,D1,27,well_25_2024-02-23_063532_.jpg,
CantonS,3,D1,31,well_26_2024-02-23_063538_.jpg,
CantonS,3,D1,54,well_27_2024-02-23_063544_.jpg,
CantonS,3,D1,62,well_28_2024-02-23_063549_.jpg,
CantonS,3,D1,28,well_29_2024-02-23_063555_.jpg,
CantonS,3,D1,14,well_30_2024-02-23_063601_.jpg,
CantonS,3,D1,69,well_31_2024-02-23_063607_.jpg,
CantonS,3,D1,31,well_32_2024-02-23_063613_.jpg,
CantonS,3,D1,17,well_33_2024-02-23_063619_.jpg,
CantonS,3,D1,8,well_34_2024-02-23_063625_.jpg,
CantonS,3,D1,14,well_35_2024-02-23_063631_.jpg,
CantonS,3,D1,11,well_36_2024-02-23_063636_.jpg,
CantonS,3,D1,9,well_37_2024-02-23_063642_.jpg,
CantonS,3,D1,8,well_38_2024-02-23_063647_.jpg,
CantonS,3,D1,7,well_39_2024-02-23_063653_.jpg,
CantonS,3,D1,7,well_40_2024-02-23_063659_.jpg,
CantonS,3,D1,1,well_41_2024-02-23_063704_.jpg,
CantonS,3,D1,10,well_42_2024-02-23_063710_.jpg,
CantonS,3,D1,14,well_43_2024-02-23_063715_.jpg,
CantonS,3,D1,14,well_44_2024-02-23_063721_.jpg,
CantonS,3,D1,15,well_45_2024-02-23_063727_.jpg,
CantonS,3,D1,7,well_46_2024-02-23_063732_.jpg,
CantonS,3,D1,13,well_47_2024-02-23_063738_.jpg,
CantonS,3,D1,6,well_48_2024-02-23_063744_.jpg,
CantonS,3,D3,6,well_2_2024-02-23_065818_.jpg,
CantonS,3,D3,9,well_3_2024-02-23_065824_.jpg,
CantonS,3,D3,9,well_4_2024-02-23_065829_.jpg,
CantonS,3,D3,6,well_5_2024-02-23_065835_.jpg,
CantonS,3,D3,6,well_6_2024-02-23_065841_.jpg,
CantonS,3,D3,8,well_7_2024-02-23_065847_.jpg,
CantonS,3,D3,10,well_8_2024-02-23_065853_.jpg,
CantonS,3,D3,14,well_9_2024-02-23_065858_.jpg,
CantonS,3,D3,5,well_10_2024-02-23_065904_.jpg,
CantonS,3,D3,10,well_11_2024-02-23_065910_.jpg,
CantonS,3,D3,9,well_12_2024-02-23_065915_.jpg,
CantonS,3,D3,13,well_13_2024-02-23_065921_.jpg,
CantonS,3,D3,9,well_14_2024-02-23_065927_.jpg,
CantonS,3,D3,9,well_15_2024-02-23_065932_.jpg,
CantonS,3,D3,9,well_16_2024-02-23_065938_.jpg,
CantonS,3,D3,8,well_17_2024-02-23_065944_.jpg,
CantonS,3,D3,5,well_18_2024-02-23_065950_.jpg,
CantonS,3,D3,6,well_19_2024-02-23_065955_.jpg,
CantonS,3,D3,8,well_20_2024-02-23_070001_.jpg,
CantonS,3,D3,17,well_21_2024-02-23_070007_.jpg,
CantonS,3,D3,6,well_22_2024-02-23_070013_.jpg,
CantonS,3,D3,10,well_23_2024-02-23_070019_.jpg,
CantonS,3,D3,5,well_24_2024-02-23_070024_.jpg,
CantonS,3,D3,8,well_25_2024-02-23_070030_.jpg,
CantonS,3,D3,10,well_26_2024-02-23_070035_.jpg,
CantonS,3,D3,6,well_27_2024-02-23_070041_.jpg,
CantonS,3,D3,14,well_28_2024-02-23_070047_.jpg,
CantonS,3,D3,10,well_29_2024-02-23_070053_.jpg,
CantonS,3,D3,13,well_30_2024-02-23_070059_.jpg,
CantonS,3,D3,9,well_31_2024-02-23_070105_.jpg,
CantonS,3,D3,12,well_32_2024-02-23_070110_.jpg,
CantonS,3,D3,13,well_33_2024-02-23_070116_.jpg,
CantonS,3,D3,17,well_34_2024-02-23_070122_.jpg,
CantonS,3,D3,17,well_35_2024-02-23_070128_.jpg,
CantonS,3,D3,18,well_36_2024-02-23_070133_.jpg,
CantonS,3,D3,13,well_37_2024-02-23_070139_.jpg,
CantonS,3,D3,15,well_38_2024-02-23_070144_.jpg,
CantonS,3,D3,16,well_39_2024-02-23_070150_.jpg,
CantonS,3,D3,8,well_40_2024-02-23_070156_.jpg,
CantonS,3,D3,3,well_41_2024-02-23_070201_.jpg,
CantonS,3,D3,16,well_42_2024-02-23_070207_.jpg,
CantonS,3,D3,20,well_43_2024-02-23_070213_.jpg,
CantonS,3,D3,9,well_44_2024-02-23_070218_.jpg,
CantonS,3,D3,7,well_45_2024-02-23_070224_.jpg,
CantonS,3,D3,20,well_46_2024-02-23_070230_.jpg,
CantonS,3,D3,19,well_47_2024-02-23_070235_.jpg,
CantonS,3,D3,22,well_48_2024-02-23_070241_.jpg,
w1118,4,D1,36,well_2_2024-02-23_052903_.jpg,
w1118,4,D1,28,well_3_2024-02-23_052909_.jpg,
w1118,4,D1,39,well_4_2024-02-23_052915_.jpg,
w1118,4,D1,62,well_5_2024-02-23_052921_.jpg,
w1118,4,D1,32,well_6_2024-02-23_052927_.jpg,
w1118,4,D1,41,well_7_2024-02-23_052933_.jpg,
w1118,4,D1,34,well_8_2024-02-23_052939_.jpg,
w1118,4,D1,39,well_9_2024-02-23_052945_.jpg,
w1118,4,D1,7,well_10_2024-02-23_052951_.jpg,
w1118,4,D1,34,well_11_2024-02-23_052956_.jpg,
w1118,4,D1,18,well_12_2024-02-23_053002_.jpg,
w1118,4,D1,12,well_13_2024-02-23_053008_.jpg,
w1118,4,D1,28,well_14_2024-02-23_053014_.jpg,
w1118,4,D1,20,well_15_2024-02-23_053020_.jpg,
w1118,4,D1,27,well_16_2024-02-23_053025_.jpg,
w1118,4,D1,8,well_17_2024-02-23_053031_.jpg,
w1118,4,D1,28,well_18_2024-02-23_053037_.jpg,
w1118,4,D1,16,well_19_2024-02-23_053043_.jpg,
w1118,4,D1,32,well_20_2024-02-23_053049_.jpg,
w1118,4,D1,17,well_21_2024-02-23_053054_.jpg,
w1118,4,D1,21,well_22_2024-02-23_053100_.jpg,
w1118,4,D1,23,well_23_2024-02-23_053106_.jpg,
w1118,4,D1,8,well_24_2024-02-23_053112_.jpg,
w1118,4,D1,33,well_25_2024-02-23_053118_.jpg,
w1118,4,D1,9,well_26_2024-02-23_053124_.jpg,
w1118,4,D1,2,well_27_2024-02-23_053129_.jpg,
w1118,4,D1,38,well_28_2024-02-23_053135_.jpg,
w1118,4,D1,29,well_29_2024-02-23_053141_.jpg,
w1118,4,D1,12,well_30_2024-02-23_053147_.jpg,
w1118,4,D1,36,well_31_2024-02-23_053153_.jpg,
w1118,4,D1,26,well_32_2024-02-23_053158_.jpg,
w1118,4,D1,25,well_33_2024-02-23_053204_.jpg,
w1118,4,D1,39,well_34_2024-02-23_053210_.jpg,
w1118,4,D1,34,well_35_2024-02-23_053216_.jpg,
w1118,4,D1,20,well_36_2024-02-23_053222_.jpg,
w1118,4,D1,38,well_37_2024-02-23_053228_.jpg,
w1118,4,D1,12,well_38_2024-02-23_053234_.jpg,
w1118,4,D1,25,well_39_2024-02-23_053240_.jpg,
w1118,4,D1,19,well_40_2024-02-23_053245_.jpg,
w1118,4,D1,15,well_41_2024-02-23_053251_.jpg,
w1118,4,D1,30,well_42_2024-02-23_053257_.jpg,
w1118,4,D1,25,well_43_2024-02-23_053303_.jpg,
w1118,4,D1,30,well_44_2024-02-23_053309_.jpg,
w1118,4,D1,46,well_45_2024-02-23_053314_.jpg,
w1118,4,D1,34,well_46_2024-02-23_053320_.jpg,
w1118,4,D1,45,well_47_2024-02-23_053326_.jpg,
w1118,4,D1,38,well_48_2024-02-23_053332_.jpg,
w1118,4,D3,37,well_2_2024-02-23_062014_.jpg,
w1118,4,D3,37,well_3_2024-02-23_062020_.jpg,
w1118,4,D3,34,well_4_2024-02-23_062025_.jpg,
w1118,4,D3,37,well_5_2024-02-23_062031_.jpg,
w1118,4,D3,30,well_6_2024-02-23_062037_.jpg,
w1118,4,D3,27,well_7_2024-02-23_062043_.jpg,
w1118,4,D3,34,well_8_2024-02-23_062048_.jpg,
w1118,4,D3,41,well_9_2024-02-23_062054_.jpg,
w1118,4,D3,40,well_10_2024-02-23_062059_.jpg,
w1118,4,D3,41,well_11_2024-02-23_062105_.jpg,
w1118,4,D3,33,well_12_2024-02-23_062111_.jpg,
w1118,4,D3,20,well_13_2024-02-23_062116_.jpg,
w1118,4,D3,31,well_14_2024-02-23_062122_.jpg,
w1118,4,D3,23,well_15_2024-02-23_062128_.jpg,
w1118,4,D3,46,well_16_2024-02-23_062133_.jpg,
w1118,4,D3,26,well_17_2024-02-23_062139_.jpg,
w1118,4,D3,37,well_18_2024-02-23_062145_.jpg,
w1118,4,D3,50,well_19_2024-02-23_062150_.jpg,
w1118,4,D3,36,well_20_2024-02-23_062156_.jpg,
w1118,4,D3,54,well_21_2024-02-23_062202_.jpg,
w1118,4,D3,30,well_22_2024-02-23_062207_.jpg,
w1118,4,D3,45,well_23_2024-02-23_062213_.jpg,
w1118,4,D3,26,well_24_2024-02-23_062219_.jpg,
w1118,4,D3,47,well_25_2024-02-23_062224_.jpg,
w1118,4,D3,30,well_26_2024-02-23_062230_.jpg,
w1118,4,D3,6,well_27_2024-02-23_062236_.jpg,
w1118,4,D3,42,well_28_2024-02-23_062241_.jpg,
w1118,4,D3,29,well_29_2024-02-23_062247_.jpg,
w1118,4,D3,4,well_30_2024-02-23_062253_.jpg,
w1118,4,D3,30,well_31_2024-02-23_062258_.jpg,
w1118,4,D3,37,well_32_2024-02-23_062304_.jpg,
w1118,4,D3,19,well_33_2024-02-23_062309_.jpg,
w1118,4,D3,18,well_34_2024-02-23_062315_.jpg,
w1118,4,D3,23,well_35_2024-02-23_062321_.jpg,
w1118,4,D3,32,well_36_2024-02-23_062327_.jpg,
w1118,4,D3,41,well_37_2024-02-23_062333_.jpg,
w1118,4,D3,17,well_38_2024-02-23_062338_.jpg,
w1118,4,D3,16,well_39_2024-02-23_062344_.jpg,
w1118,4,D3,36,well_40_2024-02-23_062350_.jpg,
w1118,4,D3,38,well_41_2024-02-23_062356_.jpg,
w1118,4,D3,32,well_42_2024-02-23_062401_.jpg,
w1118,4,D3,27,well_43_2024-02-23_062407_.jpg,
w1118,4,D3,46,well_44_2024-02-23_062413_.jpg,
w1118,4,D3,55,well_45_2024-02-23_062419_.jpg,
w1118,4,D3,42,well_46_2024-02-23_062425_.jpg,
w1118,4,D3,41,well_47_2024-02-23_062431_.jpg,
w1118,4,D3,27,well_48_2024-02-23_062437_.jpg,
OregonR,3,D1,3,well_2_2024-02-23_052845_.jpg,
OregonR,3,D1,22,well_3_2024-02-23_052851_.jpg,
OregonR,3,D1,6,well_4_2024-02-23_052857_.jpg,
OregonR,3,D1,72,well_7_2024-02-23_052914_.jpg,
OregonR,3,D1,66,well_8_2024-02-23_052920_.jpg,
OregonR,3,D1,22,well_9_2024-02-23_052926_.jpg,
OregonR,3,D1,4,well_12_2024-02-23_052944_.jpg,
OregonR,3,D1,16,well_14_2024-02-23_052955_.jpg,
OregonR,3,D1,33,well_15_2024-02-23_053001_.jpg,
OregonR,3,D1,56,well_16_2024-02-23_053007_.jpg,
OregonR,3,D1,37,well_18_2024-02-23_053018_.jpg,
OregonR,3,D1,47,well_28_2024-02-23_053117_.jpg,
OregonR,3,D1,44,well_29_2024-02-23_053123_.jpg,
OregonR,3,D1,2,well_30_2024-02-23_053129_.jpg,
OregonR,3,D1,69,well_31_2024-02-23_053134_.jpg,
OregonR,3,D1,46,well_32_2024-02-23_053140_.jpg,
OregonR,3,D1,32,well_33_2024-02-23_053146_.jpg,
OregonR,3,D1,39,well_35_2024-02-23_053158_.jpg,
OregonR,3,D1,74,well_36_2024-02-23_053204_.jpg,
OregonR,3,D1,52,well_38_2024-02-23_053215_.jpg,
OregonR,3,D1,38,well_39_2024-02-23_053221_.jpg,
OregonR,3,D1,50,well_41_2024-02-23_053233_.jpg,
OregonR,3,D1,16,well_42_2024-02-23_053238_.jpg,
OregonR,3,D1,31,well_43_2024-02-23_053244_.jpg,
OregonR,3,D1,11,well_44_2024-02-23_053250_.jpg,
OregonR,3,D1,11,well_45_2024-02-23_053256_.jpg,
OregonR,3,D1,59,well_46_2024-02-23_053302_.jpg,
OregonR,3,D1,23,well_47_2024-02-23_053308_.jpg,
OregonR,3,D1,48,well_48_2024-02-23_053313_.jpg,
OregonR,3,D3,23,well_2_2024-02-23_052138_.jpg,
OregonR,3,D3,31,well_3_2024-02-23_052144_.jpg,
OregonR,3,D3,26,well_4_2024-02-23_052149_.jpg,
OregonR,3,D3,44,well_7_2024-02-23_052207_.jpg,
OregonR,3,D3,76,well_8_2024-02-23_052213_.jpg,
OregonR,3,D3,18,well_9_2024-02-23_052219_.jpg,
OregonR,3,D3,1,well_12_2024-02-23_052236_.jpg,
OregonR,3,D3,36,well_14_2024-02-23_052248_.jpg,
OregonR,3,D3,51,well_15_2024-02-23_052254_.jpg,
OregonR,3,D3,56,well_16_2024-02-23_052259_.jpg,
OregonR,3,D3,48,well_18_2024-02-23_052311_.jpg,
OregonR,3,D3,53,well_28_2024-02-23_052409_.jpg,
OregonR,3,D3,42,well_29_2024-02-23_052415_.jpg,
OregonR,3,D3,0,well_30_2024-02-23_052421_.jpg,
OregonR,3,D3,57,well_31_2024-02-23_052427_.jpg,
OregonR,3,D3,14,well_32_2024-02-23_052433_.jpg,
OregonR,3,D3,39,well_33_2024-02-23_052438_.jpg,
OregonR,3,D3,30,well_35_2024-02-23_052450_.jpg,
OregonR,3,D3,53,well_36_2024-02-23_052456_.jpg,
OregonR,3,D3,26,well_38_2024-02-23_052507_.jpg,
OregonR,3,D3,55,well_41_2024-02-23_052525_.jpg,
OregonR,3,D3,8,well_42_2024-02-23_052531_.jpg,
OregonR,3,D3,35,well_43_2024-02-23_052536_.jpg,
OregonR,3,D3,13,well_44_2024-02-23_052542_.jpg,
OregonR,3,D3,29,well_45_2024-02-23_052548_.jpg,
OregonR,3,D3,36,well_46_2024-02-23_052554_.jpg,
OregonR,3,D3,20,well_47_2024-02-23_052600_.jpg,
OregonR,3,D3,15,well_48_2024-02-23_052605_.jpg,
OregonR,3,D7,3,well_2_2024-02-23_054929_.jpg,
OregonR,3,D7,6,well_3_2024-02-23_054935_.jpg,
OregonR,3,D7,5,well_4_2024-02-23_054940_.jpg,
OregonR,3,D7,2,well_7_2024-02-23_054958_.jpg,
OregonR,3,D7,2,well_8_2024-02-23_055004_.jpg,
OregonR,3,D7,2,well_9_2024-02-23_055009_.jpg,
OregonR,3,D7,27,well_12_2024-02-23_055027_.jpg,
OregonR,3,D7,17,well_14_2024-02-23_055038_.jpg,
OregonR,3,D7,7,well_15_2024-02-23_055044_.jpg,
OregonR,3,D7,29,well_16_2024-02-23_055050_.jpg,
OregonR,3,D7,3,well_18_2024-02-23_055102_.jpg,
OregonR,3,D7,16,well_28_2024-02-23_055200_.jpg,
OregonR,3,D7,4,well_29_2024-02-23_055206_.jpg,
OregonR,3,D7,1,well_30_2024-02-23_055212_.jpg,
OregonR,3,D7,1,well_31_2024-02-23_055218_.jpg,
OregonR,3,D7,13,well_32_2024-02-23_055224_.jpg,
OregonR,3,D7,17,well_33_2024-02-23_055229_.jpg,
OregonR,3,D7,1,well_35_2024-02-23_055241_.jpg,
OregonR,3,D7,0,well_36_2024-02-23_055247_.jpg,
OregonR,3,D7,1,well_38_2024-02-23_055258_.jpg,
OregonR,3,D7,9,well_41_2024-02-23_055316_.jpg,
OregonR,3,D7,13,well_42_2024-02-23_055322_.jpg,
OregonR,3,D7,6,well_43_2024-02-23_055328_.jpg,
OregonR,3,D7,24,well_44_2024-02-23_055334_.jpg,
OregonR,3,D7,9,well_45_2024-02-23_055339_.jpg,
OregonR,3,D7,18,well_46_2024-02-23_055345_.jpg,
OregonR,3,D7,6,well_47_2024-02-23_055351_.jpg,
OregonR,3,D7,4,well_48_2024-02-23_055357_.jpg,
OregonR,4,D1,25,well_2_2024-02-23_054225_.jpg,
OregonR,4,D1,76,well_3_2024-02-23_054230_.jpg,
OregonR,4,D1,48,well_4_2024-02-23_054236_.jpg,
OregonR,4,D1,46,well_5_2024-02-23_054242_.jpg,
OregonR,4,D1,40,well_6_2024-02-23_054248_.jpg,
OregonR,4,D1,61,well_7_2024-02-23_054254_.jpg,
OregonR,4,D1,55,well_8_2024-02-23_054259_.jpg,
OregonR,4,D1,26,well_9_2024-02-23_054305_.jpg,
OregonR,4,D1,42,well_10_2024-02-23_054311_.jpg,
OregonR,4,D1,69,well_11_2024-02-23_054317_.jpg,
OregonR,4,D1,38,well_12_2024-02-23_054323_.jpg,
OregonR,4,D1,60,well_13_2024-02-23_054328_.jpg,
OregonR,4,D1,27,well_14_2024-02-23_054334_.jpg,
OregonR,4,D1,39,well_15_2024-02-23_054340_.jpg,
OregonR,4,D1,49,well_16_2024-02-23_054346_.jpg,
OregonR,4,D1,55,well_17_2024-02-23_054352_.jpg,
OregonR,4,D1,58,well_18_2024-02-23_054358_.jpg,
OregonR,4,D1,46,well_19_2024-02-23_054403_.jpg,
OregonR,4,D1,25,well_20_2024-02-23_054409_.jpg,
OregonR,4,D1,38,well_21_2024-02-23_054415_.jpg,
OregonR,4,D1,37,well_22_2024-02-23_054421_.jpg,
OregonR,4,D1,61,well_23_2024-02-23_054427_.jpg,
OregonR,4,D1,60,well_24_2024-02-23_054432_.jpg,
OregonR,4,D1,40,well_25_2024-02-23_054438_.jpg,
OregonR,4,D1,27,well_26_2024-02-23_054444_.jpg,
OregonR,4,D1,44,well_27_2024-02-23_054450_.jpg,
OregonR,4,D1,46,well_28_2024-02-23_054455_.jpg,
OregonR,4,D1,38,well_29_2024-02-23_054501_.jpg,
OregonR,4,D1,40,well_30_2024-02-23_054507_.jpg,
OregonR,4,D1,65,well_31_2024-02-23_054513_.jpg,
OregonR,4,D1,27,well_32_2024-02-23_054519_.jpg,
OregonR,4,D1,35,well_33_2024-02-23_054525_.jpg,
OregonR,4,D1,66,well_34_2024-02-23_054531_.jpg,
OregonR,4,D1,41,well_35_2024-02-23_054536_.jpg,
OregonR,4,D1,70,well_36_2024-02-23_054542_.jpg,
OregonR,4,D1,55,well_37_2024-02-23_054548_.jpg,
OregonR,4,D1,47,well_38_2024-02-23_054554_.jpg,
OregonR,4,D1,31,well_39_2024-02-23_054600_.jpg,
OregonR,4,D1,38,well_40_2024-02-23_054606_.jpg,
OregonR,4,D1,24,well_41_2024-02-23_054611_.jpg,
OregonR,4,D1,31,well_42_2024-02-23_054617_.jpg,
OregonR,4,D1,32,well_43_2024-02-23_054623_.jpg,
OregonR,4,D1,33,well_44_2024-02-23_054629_.jpg,
OregonR,4,D1,38,well_45_2024-02-23_054635_.jpg,
OregonR,4,D3,33,well_46_2024-02-23_054641_.jpg,
OregonR,4,D3,26,well_47_2024-02-23_054646_.jpg,
OregonR,4,D3,41,well_48_2024-02-23_054652_.jpg,
OregonR,4,D3,35,well_2_2024-02-23_065533_.jpg,
OregonR,4,D3,45,well_3_2024-02-23_065539_.jpg,
OregonR,4,D3,54,well_4_2024-02-23_065545_.jpg,
OregonR,4,D3,60,well_5_2024-02-23_065551_.jpg,
OregonR,4,D3,38,well_6_2024-02-23_065557_.jpg,
OregonR,4,D3,64,well_7_2024-02-23_065602_.jpg,
OregonR,4,D3,40,well_8_2024-02-23_065608_.jpg,
OregonR,4,D3,27,well_9_2024-02-23_065614_.jpg,
OregonR,4,D3,27,well_10_2024-02-23_065620_.jpg,
OregonR,4,D3,37,well_11_2024-02-23_065626_.jpg,
OregonR,4,D3,49,well_12_2024-02-23_065631_.jpg,
OregonR,4,D3,44,well_13_2024-02-23_065637_.jpg,
OregonR,4,D3,13,well_14_2024-02-23_065643_.jpg,
OregonR,4,D3,37,well_15_2024-02-23_065649_.jpg,
OregonR,4,D3,35,well_16_2024-02-23_065655_.jpg,
OregonR,4,D3,47,well_17_2024-02-23_065700_.jpg,
OregonR,4,D3,63,well_18_2024-02-23_065706_.jpg,
OregonR,4,D3,41,well_19_2024-02-23_065712_.jpg,
OregonR,4,D3,20,well_20_2024-02-23_065718_.jpg,
OregonR,4,D3,42,well_21_2024-02-23_065724_.jpg,
OregonR,4,D3,31,well_22_2024-02-23_065729_.jpg,
OregonR,4,D3,47,well_23_2024-02-23_065735_.jpg,
OregonR,4,D3,32,well_24_2024-02-23_065741_.jpg,
OregonR,4,D3,32,well_25_2024-02-23_065747_.jpg,
OregonR,4,D3,17,well_26_2024-02-23_065753_.jpg,
OregonR,4,D3,36,well_27_2024-02-23_065758_.jpg,
OregonR,4,D3,33,well_28_2024-02-23_065804_.jpg,
OregonR,4,D3,31,well_29_2024-02-23_065810_.jpg,
OregonR,4,D3,51,well_30_2024-02-23_065816_.jpg,
OregonR,4,D3,71,well_31_2024-02-23_065821_.jpg,
OregonR,4,D3,23,well_32_2024-02-23_065827_.jpg,
OregonR,4,D3,22,well_33_2024-02-23_065833_.jpg,
OregonR,4,D3,42,well_34_2024-02-23_065839_.jpg,
OregonR,4,D3,45,well_35_2024-02-23_065845_.jpg,
OregonR,4,D3,41,well_36_2024-02-23_065851_.jpg,
OregonR,4,D3,53,well_37_2024-02-23_065856_.jpg,
OregonR,4,D3,27,well_38_2024-02-23_065902_.jpg,
OregonR,4,D3,31,well_39_2024-02-23_065908_.jpg,
OregonR,4,D3,35,well_40_2024-02-23_065914_.jpg,
OregonR,4,D3,42,well_41_2024-02-23_065920_.jpg,
OregonR,4,D3,29,well_42_2024-02-23_065925_.jpg,
OregonR,4,D3,37,well_43_2024-02-23_065931_.jpg,
OregonR,4,D3,17,well_44_2024-02-23_065937_.jpg,
OregonR,4,D3,26,well_45_2024-02-23_065943_.jpg,
OregonR,4,D3,30,well_46_2024-02-23_065949_.jpg,
OregonR,4,D3,25,well_47_2024-02-23_065955_.jpg,
OregonR,4,D3,44,well_48_2024-02-23_070001_.jpg,